<?xml version="1.0" encoding="UTF-8"?>
<office:document-content office:version="1.2" xmlns:calcext="urn:org:documentfoundation:names:experimental:calc:xmlns:calcext:1.0" xmlns:chart="urn:oasis:names:tc:opendocument:xmlns:chart:1.0" xmlns:css3t="http://www.w3.org/TR/css3-text/" xmlns:dc="http://purl.org/dc/elements/1.1/" xmlns:dom="http://www.w3.org/2001/xml-events" xmlns:dr3d="urn:oasis:names:tc:opendocument:xmlns:dr3d:1.0" xmlns:draw="urn:oasis:names:tc:opendocument:xmlns:drawing:1.0" xmlns:drawooo="http://openoffice.org/2010/draw" xmlns:field="urn:openoffice:names:experimental:ooo-ms-interop:xmlns:field:1.0" xmlns:fo="urn:oasis:names:tc:opendocument:xmlns:xsl-fo-compatible:1.0" xmlns:form="urn:oasis:names:tc:opendocument:xmlns:form:1.0" xmlns:formx="urn:openoffice:names:experimental:ooxml-odf-interop:xmlns:form:1.0" xmlns:grddl="http://www.w3.org/2003/g/data-view#" xmlns:loext="urn:org:documentfoundation:names:experimental:office:xmlns:loext:1.0" xmlns:math="http://www.w3.org/1998/Math/MathML" xmlns:meta="urn:oasis:names:tc:opendocument:xmlns:meta:1.0" xmlns:number="urn:oasis:names:tc:opendocument:xmlns:datastyle:1.0" xmlns:of="urn:oasis:names:tc:opendocument:xmlns:of:1.2" xmlns:office="urn:oasis:names:tc:opendocument:xmlns:office:1.0" xmlns:ooo="http://openoffice.org/2004/office" xmlns:oooc="http://openoffice.org/2004/calc" xmlns:ooow="http://openoffice.org/2004/writer" xmlns:presentation="urn:oasis:names:tc:opendocument:xmlns:presentation:1.0" xmlns:rpt="http://openoffice.org/2005/report" xmlns:script="urn:oasis:names:tc:opendocument:xmlns:script:1.0" xmlns:style="urn:oasis:names:tc:opendocument:xmlns:style:1.0" xmlns:svg="urn:oasis:names:tc:opendocument:xmlns:svg-compatible:1.0" xmlns:table="urn:oasis:names:tc:opendocument:xmlns:table:1.0" xmlns:tableooo="http://openoffice.org/2009/table" xmlns:text="urn:oasis:names:tc:opendocument:xmlns:text:1.0" xmlns:xforms="http://www.w3.org/2002/xforms" xmlns:xhtml="http://www.w3.org/1999/xhtml" xmlns:xlink="http://www.w3.org/1999/xlink" xmlns:xsd="http://www.w3.org/2001/XMLSchema" xmlns:xsi="http://www.w3.org/2001/XMLSchema-instance">
 <office:scripts/>
 <office:font-face-decls>
  <style:font-face style:name="Sans" svg:font-family="Sans"/>
  <style:font-face style:font-family-generic="swiss" style:font-pitch="variable" style:name="Liberation Sans" svg:font-family="'Liberation Sans'"/>
  <style:font-face style:font-family-generic="system" style:font-pitch="variable" style:name="DejaVu Sans" svg:font-family="'DejaVu Sans'"/>
  <style:font-face style:font-family-generic="system" style:font-pitch="variable" style:name="Droid Sans Devanagari" svg:font-family="'Droid Sans Devanagari'"/>
  <style:font-face style:font-family-generic="system" style:font-pitch="variable" style:name="Droid Sans Fallback" svg:font-family="'Droid Sans Fallback'"/>
 </office:font-face-decls>
 <office:automatic-styles>
  ${COLUMN_STYLES}
  <style:style style:family="table-row" style:name="ro1">
   <style:table-row-properties fo:break-before="auto" style:row-height="12.81pt" style:use-optimal-row-height="true"/>
  </style:style>
  <style:style style:family="table-row" style:name="ro2">
   <style:table-row-properties fo:break-before="auto" style:row-height="12.76pt" style:use-optimal-row-height="true"/>
  </style:style>
  <style:style style:family="table" style:master-page-name="Sheet1" style:name="ta1">
   <style:table-properties style:writing-mode="lr-tb" table:display="true"/>
  </style:style>
  <style:style style:data-style-name="N120" style:family="table-cell" style:name="ce1" style:parent-style-name="Default">
   <style:table-cell-properties fo:background-color="transparent" fo:border="none" fo:wrap-option="no-wrap" style:cell-protect="protected" style:diagonal-bl-tr="none" style:diagonal-tl-br="none" style:glyph-orientation-vertical="auto" style:print-content="true" style:repeat-content="false" style:rotation-align="none" style:rotation-angle="0" style:shrink-to-fit="false" style:text-align-source="value-type" style:vertical-align="bottom"/>
   <style:paragraph-properties fo:margin-left="0pt"/>
   <style:text-properties fo:color="#000000" fo:font-size="10pt" fo:font-style="normal" fo:font-weight="normal" style:font-name="Sans" style:text-line-through-mode="continuous" style:text-line-through-style="none" style:text-line-through-type="none" style:text-overline-mode="continuous" style:text-underline-mode="continuous" style:text-underline-style="none"/>
  </style:style>
 </office:automatic-styles>
 <office:body>
  <office:spreadsheet>
   <table:calculation-settings table:automatic-find-labels="false" table:case-sensitive="false" table:use-regular-expressions="false">
    <table:iteration table:status="enable"/>
   </table:calculation-settings>
   <table:table table:name="Sheet1" table:style-name="ta1">
    <office:forms form:apply-design-mode="false" form:automatic-focus="false"/>
    <table:table-column table:default-cell-style-name="Default" table:style-name="co1"/>
    <table:table-column table:default-cell-style-name="ce1" table:style-name="co2"/>
    <table:table-column table:default-cell-style-name="Default" table:number-columns-repeated="5" table:style-name="co1"/>
    <table:table-column table:default-cell-style-name="Default" table:number-columns-repeated="121" table:style-name="co3"/>
    <table:table-row table:style-name="ro1">
     ${HEADERS}
     <table:table-cell table:number-columns-repeated="121"/>
    </table:table-row>
    ${BODY}
    <table:named-expressions>
     <table:named-expression table:base-cell-address="$Sheet1.$A$1" table:expression="#REF!" table:name="Print_Area"/>
     <table:named-expression table:base-cell-address="$Sheet1.$A$1" table:expression="&quot;Sheet1&quot;" table:name="Sheet_Title"/>
    </table:named-expressions>
   </table:table>
   <table:named-expressions/>
  </office:spreadsheet>
 </office:body>
</office:document-content>
