<?xml version="1.0" encoding="UTF-8"?>
<office:document-styles office:version="1.2" xmlns:calcext="urn:org:documentfoundation:names:experimental:calc:xmlns:calcext:1.0" xmlns:chart="urn:oasis:names:tc:opendocument:xmlns:chart:1.0" xmlns:css3t="http://www.w3.org/TR/css3-text/" xmlns:dc="http://purl.org/dc/elements/1.1/" xmlns:dom="http://www.w3.org/2001/xml-events" xmlns:dr3d="urn:oasis:names:tc:opendocument:xmlns:dr3d:1.0" xmlns:draw="urn:oasis:names:tc:opendocument:xmlns:drawing:1.0" xmlns:drawooo="http://openoffice.org/2010/draw" xmlns:fo="urn:oasis:names:tc:opendocument:xmlns:xsl-fo-compatible:1.0" xmlns:form="urn:oasis:names:tc:opendocument:xmlns:form:1.0" xmlns:grddl="http://www.w3.org/2003/g/data-view#" xmlns:loext="urn:org:documentfoundation:names:experimental:office:xmlns:loext:1.0" xmlns:math="http://www.w3.org/1998/Math/MathML" xmlns:meta="urn:oasis:names:tc:opendocument:xmlns:meta:1.0" xmlns:number="urn:oasis:names:tc:opendocument:xmlns:datastyle:1.0" xmlns:of="urn:oasis:names:tc:opendocument:xmlns:of:1.2" xmlns:office="urn:oasis:names:tc:opendocument:xmlns:office:1.0" xmlns:ooo="http://openoffice.org/2004/office" xmlns:oooc="http://openoffice.org/2004/calc" xmlns:ooow="http://openoffice.org/2004/writer" xmlns:presentation="urn:oasis:names:tc:opendocument:xmlns:presentation:1.0" xmlns:rpt="http://openoffice.org/2005/report" xmlns:script="urn:oasis:names:tc:opendocument:xmlns:script:1.0" xmlns:style="urn:oasis:names:tc:opendocument:xmlns:style:1.0" xmlns:svg="urn:oasis:names:tc:opendocument:xmlns:svg-compatible:1.0" xmlns:table="urn:oasis:names:tc:opendocument:xmlns:table:1.0" xmlns:tableooo="http://openoffice.org/2009/table" xmlns:text="urn:oasis:names:tc:opendocument:xmlns:text:1.0" xmlns:xhtml="http://www.w3.org/1999/xhtml" xmlns:xlink="http://www.w3.org/1999/xlink">
 <office:font-face-decls>
  <style:font-face style:name="Sans" svg:font-family="Sans"/>
  <style:font-face style:font-family-generic="swiss" style:font-pitch="variable" style:name="Liberation Sans" svg:font-family="'Liberation Sans'"/>
  <style:font-face style:font-family-generic="system" style:font-pitch="variable" style:name="DejaVu Sans" svg:font-family="'DejaVu Sans'"/>
  <style:font-face style:font-family-generic="system" style:font-pitch="variable" style:name="Droid Sans Devanagari" svg:font-family="'Droid Sans Devanagari'"/>
  <style:font-face style:font-family-generic="system" style:font-pitch="variable" style:name="Droid Sans Fallback" svg:font-family="'Droid Sans Fallback'"/>
 </office:font-face-decls>
 <office:styles>
  <style:default-style style:family="table-cell">
   <style:paragraph-properties style:tab-stop-distance="36pt"/>
   <style:text-properties fo:country="US" fo:language="en" style:country-asian="CN" style:country-complex="IN" style:font-name="Liberation Sans" style:font-name-asian="DejaVu Sans" style:font-name-complex="DejaVu Sans" style:language-asian="zh" style:language-complex="hi"/>
  </style:default-style>
  <number:number-style style:name="N0">
   <number:number number:min-integer-digits="1"/>
  </number:number-style>
  <number:currency-style style:name="N104P0" style:volatile="true">
   <number:currency-symbol number:country="US" number:language="en">$</number:currency-symbol>
   <number:number number:decimal-places="2" number:grouping="true" number:min-integer-digits="1"/>
  </number:currency-style>
  <number:currency-style style:name="N104">
   <style:text-properties fo:color="#ff0000"/>
   <number:text>-</number:text>
   <number:currency-symbol number:country="US" number:language="en">$</number:currency-symbol>
   <number:number number:decimal-places="2" number:grouping="true" number:min-integer-digits="1"/>
   <style:map style:apply-style-name="N104P0" style:condition="value()&gt;=0"/>
  </number:currency-style>
  <style:style style:family="table-cell" style:name="Default">
   <style:text-properties style:font-family-asian="'Droid Sans Fallback'" style:font-family-complex="'Droid Sans Devanagari'" style:font-family-generic-asian="system" style:font-family-generic-complex="system" style:font-name-asian="Droid Sans Fallback" style:font-name-complex="Droid Sans Devanagari" style:font-pitch-asian="variable" style:font-pitch-complex="variable"/>
  </style:style>
  <style:style style:family="table-cell" style:name="Result" style:parent-style-name="Default">
   <style:text-properties fo:font-style="italic" fo:font-weight="bold" style:text-underline-color="font-color" style:text-underline-style="solid" style:text-underline-width="auto"/>
  </style:style>
  <style:style style:data-style-name="N104" style:family="table-cell" style:name="Result2" style:parent-style-name="Result"/>
  <style:style style:family="table-cell" style:name="Heading" style:parent-style-name="Default">
   <style:table-cell-properties style:repeat-content="false" style:text-align-source="fix"/>
   <style:paragraph-properties fo:text-align="center"/>
   <style:text-properties fo:font-size="16pt" fo:font-style="italic" fo:font-weight="bold"/>
  </style:style>
  <style:style style:family="table-cell" style:name="Heading1" style:parent-style-name="Heading">
   <style:table-cell-properties style:rotation-angle="90"/>
  </style:style>
 </office:styles>
 <office:automatic-styles>
  <style:page-layout style:name="Mpm1">
   <style:page-layout-properties style:writing-mode="lr-tb"/>
   <style:header-style>
    <style:header-footer-properties fo:margin-bottom="7.09pt" fo:margin-left="0pt" fo:margin-right="0pt" fo:min-height="21.26pt"/>
   </style:header-style>
   <style:footer-style>
    <style:header-footer-properties fo:margin-left="0pt" fo:margin-right="0pt" fo:margin-top="7.09pt" fo:min-height="21.26pt"/>
   </style:footer-style>
  </style:page-layout>
  <style:page-layout style:name="Mpm2">
   <style:page-layout-properties style:writing-mode="lr-tb"/>
   <style:header-style>
    <style:header-footer-properties fo:background-color="#c0c0c0" fo:border="2.49pt solid #000000" fo:margin-bottom="7.09pt" fo:margin-left="0pt" fo:margin-right="0pt" fo:min-height="21.26pt" fo:padding="0.51pt">
     <style:background-image/>
    </style:header-footer-properties>
   </style:header-style>
   <style:footer-style>
    <style:header-footer-properties fo:background-color="#c0c0c0" fo:border="2.49pt solid #000000" fo:margin-left="0pt" fo:margin-right="0pt" fo:margin-top="7.09pt" fo:min-height="21.26pt" fo:padding="0.51pt">
     <style:background-image/>
    </style:header-footer-properties>
   </style:footer-style>
  </style:page-layout>
  <style:page-layout style:name="Mpm3">
   <style:page-layout-properties fo:border="none" fo:margin-bottom="56.69pt" fo:margin-left="56.69pt" fo:margin-right="56.69pt" fo:margin-top="56.69pt" fo:padding="0pt" fo:page-height="792pt" fo:page-width="612pt" style:num-format="1" style:print="charts drawings headers objects zero-values" style:print-orientation="portrait" style:print-page-order="ltr"/>
   <style:header-style/>
   <style:footer-style/>
  </style:page-layout>
 </office:automatic-styles>
 <office:master-styles>
  <style:master-page style:name="Default" style:page-layout-name="Mpm1">
   <style:header>
    <text:p>
     <text:sheet-name>???</text:sheet-name>
    </text:p>
   </style:header>
   <style:header-left style:display="false"/>
   <style:footer>
    <text:p>Page
     <text:page-number>1</text:page-number></text:p>
   </style:footer>
   <style:footer-left style:display="false"/>
  </style:master-page>
  <style:master-page style:name="Report" style:page-layout-name="Mpm2">
   <style:header>
    <style:region-left>
     <text:p>
      <text:sheet-name>???</text:sheet-name>(
      <text:title>???</text:title>
      )</text:p>
    </style:region-left>
    <style:region-right>
     <text:p>
      <text:date style:data-style-name="N2" text:date-value="2015-12-04">00/00/0000</text:date>,
      <text:time>00:00:00</text:time></text:p>
    </style:region-right>
   </style:header>
   <style:header-left style:display="false"/>
   <style:footer>
    <text:p>Page
     <text:page-number>1</text:page-number>
     /
     <text:page-count>99</text:page-count></text:p>
   </style:footer>
   <style:footer-left style:display="false"/>
  </style:master-page>
  <style:master-page style:name="Standard1" style:page-layout-name="Mpm3">
   <style:header>
    <text:p>
     <text:sheet-name>???</text:sheet-name>
    </text:p>
   </style:header>
   <style:header-left style:display="false"/>
   <style:footer>
    <text:p>
     <text:sheet-name>???</text:sheet-name>
     <text:page-number>1</text:page-number>
    </text:p>
   </style:footer>
   <style:footer-left style:display="false"/>
  </style:master-page>
 </office:master-styles>
</office:document-styles>
